sample_uid,gold_label,comment,source,script
30140,sexual,সাফা কবির একটা মাগী মোশারফ করিমের মত সবাই ওর নাটক বয়কট করবেন,facebook_44001,bangla
82591,none,Jamat ke help korbe Pakistan Inshallah,banth,romanized
50214,sexual,কয় কেজি লাগাইছে,multilabel_12557,bangla
68193,none,"Faraunar basca tui ki,",banth,romanized
55315,none,2:07 eta sera chilo.. . Apnar budhi [EMOJI],banth,romanized
47254,none,সেই দোস ভিডিওটা রিপ্লাই চায়,multilabel_12557,bangla
54132,threat,দু সালা তরে জুতা মাড়ি শাকিব খান আছে ত,multilabel_12557,bangla
88395,none,Manoniya montri social media rul regulation jari korun desh berodi Kono kisu upload Korte parbena,banth,romanized
62973,none,Pura Bangladesh tai aj potitaloi.. [EMOJI],banth,romanized
15582,none,অসাধারণ মানুষ। এগিয়ে যান।,facebook_44001,bangla
72725,abusive,Asuk hasina ore upta koira chpda hbe,banth,romanized
77949,none,eto halka vabe apnar biday ta mante pari ni but apni ja kortesilen apnar vagge hoyto emontai lekha chilo. we will remember you always.,banth,romanized
9451,none,বাংলাদেশে দুই জন রিয়েল হিরো অন্ত জলিল আর হিরো আমার [EMOJI],facebook_44001,bangla
69106,none,Manik mamuke dekhe kichu sikhre ganda,banth,romanized
36449,sexual,জায়েদ খান কেডা জায়েদ তার মার পেটে চিল জখন। তার আগে তেকে হির আলম চিল বগা খান তুই তর মারে চুদ কুওার বাচচা তুরে কয়ডা লুকে চিনেরে খানকির পুত হির আলমকে বিশস চিনে সে জাইক তদের তেকে হাজার গুন বাল। । তদের কারনে আজ বাংলার চল চিএ দংশ। তর বিডিয় কয়টা দেখে মানুষ হির আলমের হাজারটা দেখে দেসে বিদেসে। আর জদী কুনু দীন লাইবে বা ওনলাইনে তরে দেখমু তর মার ভদা দীয়া আবার রিটান বরে দীমু বান্দির বাচ্চা। চুদা খান। তর মার বদাখান নাম লাগাবে এখন তেকে। তুই হির আলমের জুতর জজ্ঞ না,facebook_44001,bangla
4474,threat,সালা সুয়ারের বাচ্চা হাত কেটে ফেলতে হবে,bd_shs,bangla
9204,none,শুভ কামনা। ঈদ মোবারক।,facebook_44001,bangla
65730,abusive,Dhon korsen vayya shei hoise [EMOJI],banth,romanized
39085,religious,সাফা কাবির নাস্তিকে জিতামেরে বের ক র,facebook_44001,bangla
43553,none,খুশি তে মড়ি যাচ্চি,facebook_44001,bangla
43006,none,বছ,facebook_44001,bangla
16080,none,দারুক লাগতেছে আপু,facebook_44001,bangla
6524,religious,আওয়ামীলিগ হিন্দুদের কতো সুবিদা দিলো তার ফলাফল।,facebook_44001,bangla
47869,sexual,আজকে মনে হয় আধাঘন্টা বেশি করছে,multilabel_12557,bangla
62432,none,Saidi saheb apnar sotru keno ai bisoye live cai,banth,romanized
26647,none,নাটকের গান দুটো কবে রিলিজ পাবে??,facebook_44001,bangla
1116,none,ধন্যবাদ তাহসিন ভাই খুব সুন্দর ভাবে উপস্থাপন করেছেন � [EMOJI],bd_shs,bangla
3824,abusive,কুতার বাচ্চা সব গুলা,bd_shs,bangla
79023,none,Ovinoye novel dewa dorkar,banth,romanized
18991,sexual,এসব ফালতু অভিনেত্রী মার্কেট নাই তাই একটু নিউজে এসে মার্কিন ভিসা পেতে চাই।মার্কিন আব্বারা আমাকে বাচাও এদেশের কিছু মুসলিম আমাকে হুমকি দিচ্ছে।,facebook_44001,bangla
1793,none,তুই ই তো ভিউজের জন্য বেশি হাইলাইট করলি আবার আরেকজনকে চুতিয়া বলিস।শুদ্ধ করে কথা বলা শিখে এর পর ভিডিও বানা।কথাও বলতে পারে না ঠিক মত আইছে ইউটিউবার,bd_shs,bangla
46603,sexual,এই কানকির পুত হিরো আলম তোর জন্য বাংলা সিনেমা এখন হাস্যকর হতে যাচ্ছে? তুই তর চেহাড়া কখনো আয়নাতে দেখেছিস সত্যি বল? কানকির পুত তর চাপা ভেংগে গেছে হাত মারছ ১০০%,facebook_44001,bangla
53175,none,ফলো করলে ফলো পাবেন সাপোর্ট দিলে সাপোর্ট পাবেন একশ,multilabel_12557,bangla
57466,none,sob Tk jobdo Kora hok [EMOJI] Desh ar Tk Desh andare bank a joma hok,banth,romanized
91008,abusive,"ainer gosdi kilai, ader ke pele sathe sathe gonodolai diye mere felbe, tanahole ara ainer fakfokor diye abar beriye jabe",banth,romanized
37786,sexual,একমাত্র বুবলিই যে তুমার আপনজন তা কাউকে এভাবে বুজাতে হবেনা সবাই জানে ভাই বুবলির জন্য আবার বাবা হতে যাচ্ছ,facebook_44001,bangla
10319,none,হিরো আলম রাইট,facebook_44001,bangla
77017,none,Osike podotag kra hok,banth,romanized
32399,abusive,"ফাকিং টাইম, সাফা কাছে এসো আমরা লুডু খেলবো",facebook_44001,bangla
69431,none,Tmi aso tmaro parek dokabo,banth,romanized
3663,threat,এই সালা কে জুতার মালা দিয়ে সারা শহর ঘুরানো উচিত শালা কুত্তার বাচ্চা,bd_shs,bangla
86075,none,Suna khushi hoylam,banth,romanized
22280,none,অহ হেব্বি লাগছে অহ হেটা দেখা যাচ্ছে,facebook_44001,bangla
83291,none,akon boje kono lab ney..police ke are kono sar deya jabe na..e sob natok eder..police sob rajakar.. tader ke prosno korun jara sohid hoyece..tader ke pireye dite parle.. tobey jati tader koma korbe..,banth,romanized
85270,abusive,ami ke tomi ke rajakar rajakar.ke bolesc soirachar soirachar,banth,romanized
64457,none,No criminal hasina,banth,romanized
88678,abusive,Benojir kunir fashi cahai,banth,romanized
56181,abusive,Naghta Kora dao,banth,romanized
49247,none,আমি ঐ খানে ই হার্ট অ্যাটাক করবো,multilabel_12557,bangla
62687,abusive,Police hoilo bejonma,banth,romanized
90442,none,bangldeshi manush abar 50 lakh manush morbe tarpor bangladeshe manush shanto hobe,banth,romanized
71061,none,Allah tumi amader ke rokha koron ei jalider hat theke,banth,romanized
77223,none,banlades r jeto oci new oc neog koren,banth,romanized
27291,none,"অপেক্ষায় আছে প্রিয় কিংবদন্তিদের লাইভের জন্য। [EMOJI] পজ্ঞকান্ডব হলে আরো মজা হতো,মিস করব নবাবকে [HASHTAG] TI28",facebook_44001,bangla
76472,none,Kalo sart Biliyant,banth,romanized
64029,none,0 s0bb0 ara s0bai,banth,romanized
75729,none,Ader ghora ma bon nai ai jonno ara amon korca ontoto akta asami hisababa taka sonman dakhano ucit oswvo jati,banth,romanized
58067,abusive,Oboido dokabaj mafiya pilkhanay hotta safla sottor alemder hotta gum shordakat durnitibaj votdakati bankdakat killer hasina tar onusarira sara kew balo nai pura jati k pokir baniye dilo durbikkho modde fele disse killer hasina unnoyoner nam diye pura jati k,banth,romanized
52376,abusive,জনি দাদা লাগবে,multilabel_12557,bangla
90269,none,Aita Netebasok otacer,banth,romanized
47629,none,সাপোর্ট করেন একটু আমায়,multilabel_12557,bangla
9247,abusive,জব্বর একটা কথা চোদালছো তো!!,facebook_44001,bangla
93189,sexual,ঐখানে কর,multilabel_12557,bangla
30697,none,এমন কখনো তো আমার জীবনে হলো না!হয়তো তোমার লাইফের প্রত্যেকটা মূহুর্ত এইটা তুমি অনুভব করছো!!বি:দ্র::-এমবি না থাকায় আপডেট লুকটা মিস করলাম!!,facebook_44001,bangla
63084,none,Government er tk jodi sothik jaigai use krto erkm onk kichui komto,banth,romanized
77144,abusive,Oita kuttaliger soto baby ore cut koro,banth,romanized
1238,none,রুবেল খুব চালাক?,bd_shs,bangla
90775,abusive,J hath diye guli koreche ami okane thakle thar oi hathta prothome venge feltham pore ain ake ora astha rakse keno ami bujthe pari nai??,banth,romanized
2664,abusive,দেওয়ানবাগীকে সরকারি ভাবেও কিছু করা যাবে না।কারন অনেক বড় বড় রাজনীতিবিদ বিজনেস ম্যান দেওয়ানবাগীর পোষা কুকুর,bd_shs,bangla
39365,none,আস সালামু আলাইকুম প্রিওদিন দার ভাই বোনেরা সাঈদিসাব আজ দশ বছর জুলুমদের জেল খানায় বন্দি ইতো দিন পরে এইকথা শুনলামনা এখন কি ভাবে এই কথা বিশ্যাষ হবে ।যিনি এই কথা গুলি বল্যেন আমার মোনে হয় ওনি ইকটা নাস্ত্রিক যে লোক এটাকে ছরেয়েছেন তিনি হোলো ওনার অভৈদো ঝারঝ সন্তান এদের বিচার দুনিয়াতে হবে ইনশাআল্লাহ আমরা আল্লাহর বিচারের অফেক্ষায় আছি আমিন,facebook_44001,bangla
25160,sexual,"পাবলিক বাপ্পি সায়মনদেরকেও খায়না আর উনি হিরো আলম দুইটা মুভি করে জনপ্রিয় হতে চায় ইলেকশনে ফেল করেও ফেসবুক নাম দিছে এমপি হিরো আলম এইসব ছাগল মার্কা আবাল পাব্লিকদের হাসাইতে জানে,,আর কিছুনা",facebook_44001,bangla
29334,sexual,"মাগী!! আল্লাহ্ তো সব জানেই, কিন্তু তুই জানোস না ফেরেশতা রা তরে কোন দিক দিয়ে বাশঁ দিবো",facebook_44001,bangla
14432,abusive,কি বলে এতো পাগল হয়ে গেছে,facebook_44001,bangla
29377,religious,"সাফা কবির,আপনি কি আপনার মা-বাবাকে যৌণ সঙ্গম করতে দেখেছেন?না দেখে কিভাবে উনাদেরকে মা বাবা মেনে নিচ্ছেন??আপনার মা কে জিজ্ঞাস করে নিয়েন যাকে আপনি বাবা ডাকছেন উনি আপনার আসল বাবা কিনা,নাকি অন্য কেউ আছে??কারণ আপনিতো না দেখে কিছু বিশ্বাস করেন নাহ.সাফা কবির যে কিনা মুসলিম হয়েও পরকালে বিশ্বাস করেনা।নব্য নাস্তিক সবাই বয়কট করুন সাফাকে।",facebook_44001,bangla
28504,religious,আসুন সাফা ক বির কে সবাই বয়কট করি।। দেশের ন তুন নাস্তিক।,facebook_44001,bangla
27598,religious,এই নাস্তিক তুই কই বাপের জন্ম নিয়েছো,facebook_44001,bangla
52706,abusive,দিবা জান,multilabel_12557,bangla
57639,none,[EMOJI] manush k kto kosto krte hy,banth,romanized
4566,none,অপু মত খারাফ মেয়ের সাথে সংসার করা যায় না,bd_shs,bangla
18389,none,নিজেরা যে ব্যাংক ডাকাত ঝাইনজোর নিন্দা করে খই চালা,facebook_44001,bangla
72963,none,Banladesh ase na keno tar sasti porojon,banth,romanized
75878,none,Tomra ke korso r ke paro jokhon America dokhol korbay tokhon parlay America er val falio. Tomader bebohar kora hoisay r akon o bebohar hocho Koidin por tomra tomra e juddo korba lekhay rakbo,banth,romanized
21416,none,সুপার হিরো।।,facebook_44001,bangla
80146,none,Kichu dustu ansarer jonno ai sadaron gula faisa gelo,banth,romanized
53201,sexual,এই জুগে ছেলে পিলেদে এতো মুটা মুটা হয় কি করে,multilabel_12557,bangla
81471,none,Bongobondhu ki r ace. ?Or beti tw valo na,banth,romanized
78234,none,dabi mancn tik butt shamy thakte manen nii,banth,romanized
7177,none,স্বাধীন দয়াল আমিও আছি গনতন্রের সাথে ।।,facebook_44001,bangla
3017,religious,এই মাদারচুদ হল একটা নাস্তিক। খাংকির পুত। তার জন্মের কোন ঠিক নেই।,bd_shs,bangla
13890,abusive,তলে তলে এই কাজ করো নাকি??,facebook_44001,bangla
53778,threat,তোরে তো সামনে পেলে ছেড়া জুতা পেটা করতাম,multilabel_12557,bangla
42443,none,এগূলো দেখানো কি ঠিক ভাইয়া ?? আমরা আমাদের প্রিয় শিল্পীর কাছে এগূলো আশা করি নি,facebook_44001,bangla
35057,sexual,লিংকটি দিও। সাবস্ক্রাইব কইরালামু,facebook_44001,bangla
26392,sexual,আজকে মনটা ভাল গালি দিব না।তবে অনুরোধ খানকিরে গালি দেওয়া অফ করবেন না।,facebook_44001,bangla
45093,none,এসব দেখলেই বিয়ে করতে ইচ্ছে করে(২),facebook_44001,bangla
93296,sexual,আর যায়গা পাইলো না,multilabel_12557,bangla
58835,none,Here boy paice [EMOJI],banth,romanized
70507,none,Bibeg ondho lok era,banth,romanized
27770,none,"তোমার তো আল্লাহর কাছে বিচার দেওয়া ঠিক না। তুমি তো আল্লাহ কে দেখ নাই। তুমি খুব বড় ভূল করেছ। আমাদের কাছে ক্ষমা চাওয়ার কিছু নাই। খারাপ কখনো ভালো হয় না। তবুও আল্লাহ তোমার হেদায়েত করুন। ভালো থাক, ভালো ভাবে চল। আর আমার কথার জন্য তোমার খারাপ লেগে থাকলে। আমি সরি।",facebook_44001,bangla
57205,abusive,Saraf eakta potaita shiti.,banth,romanized
43973,abusive,তোর বালে ছবি দেখতে গিয়ে মানুষ মরবে নাকি রে বোকা পাগল তুই হিরো না বাল,facebook_44001,bangla
41652,none,মাশাল্লাহ। মহৎ উদ্যোগ।,facebook_44001,bangla
62243,abusive,Tui akta chor,banth,romanized
39867,sexual,খানকি মাগি।তর মায়েরে আমি চুদছি এইটা তুই জানস তাও তুই বললি আমি নাকি তর বাবা না??চুত্মারানি,facebook_44001,bangla
33288,sexual,শালার কই যে যাইরবিন্দ্রনাথ রেও ছাড়ে নাই। আসলেই জ্বীন পরিরে বিশ্বাস নাই,facebook_44001,bangla
57147,none,"Tomake dekhe mone hoy j, kothaow jeno bampanthi, bampanthi bepar , Kon panthi ra jeno murti ke Biswas kore na ? Tay mujebure Rahaman er murti demolish karechow , ( Hy re Chinese Bangladesh ta ki karli ) . Ey rokam namuna India te amara khub parichita",banth,romanized
11543,religious,"কুরআনে আল্লাহ বলেন.. যারা জানে আর যারা জানে না তারা উভয়ই সমান নয়। সাফা কবির হয়তো পরকালের বিষয়ে অজ্ঞ আর নয়তো পিতামাতার দ্বারা নাস্তিকদের পদাঙ্ক অনুসরণ করেছে। আপনি সাফা কবিরকে বলুন! ধরেন তর্কের খাতিরে মেনে নিলাম, পরকাল বলতে কিছু নেই। এখন পরকাল আছে মনেকরে যদি দুনিয়াতে ভালোকাজ করি, মন্দ কাজ থেকে দূরে থাকি, তাহলে লাভটা কার? সে নিশ্চিত উত্তর দিবে আমার। এরপর আপনি বলুন, নিজের ভালোতো পাগলেও বুঝে, আপনিতো সুস্থ মানুষ। নিজের ভালোটা বুঝবেন না কেন?আর তাকে নিয়ে কিছু মানুষ অনেককিছু বলতেছে। কুরআনে মহান আল্লাহ বলেন, অধিকাংশ মানুষই নিজেদের খেয়ালখুশির অনুসরণ করে। মানুষকে তোমার প্রতিপালকের পথে আহবান করো হিকমাহও সদুপদেশ দ্বারা এবং তাদের সাথে তর্ক করো উত্তম পন্থায়। আশাকরি আর কিছু বলতে হবে না।",facebook_44001,bangla
43588,abusive,এদেরকে গাজা দেয়কে,facebook_44001,bangla
94255,sexual,আপুর দুধ সরকারী নাকি আমরা কি একটু হাত দিতে পারব বিড়ালের ধরলে মজা নাকি,multilabel_12557,bangla
71319,none,Oi Police manusher bacchha na. Fasi chai.,banth,romanized
84919,none,"Amio akmot jara amader moto nimno kormo charider babohar kore nijeder pod vari korese r amader jibon r familir sobai k bipodgosto kore nijera nirapod jaigai chole gese please tader k dhore ainer autai anar jonno satro somajer kase amar akul abedon please, ei harun,biplob eder kothin theke kothinotomo sasti dewa hok",banth,romanized
42782,none,"তারপরও ভালো ভাবে চিনতে পারেন নি ভ্রো!!তার নাম জাহিদ নয়,জায়েদ খান!!",facebook_44001,bangla
24244,sexual,তোরে জনি সিন্স রে দিয়া চুদাইতে হয়ব,facebook_44001,bangla
74320,abusive,Hawyar alap paro [EMOJI],banth,romanized
44281,none,এ ত দেখি পুরাই তামাশা।।,facebook_44001,bangla
39494,religious,নাস্তিক অমুসলিম বেদ্বিন বেঈমান আল্লাহ আপনি আমাদের সবাইকে হিফাজত করুন ইমান আমল নিয়ে জীবন যাপন করার তৌফিক দীন আপনি আমাদের সবাইকে সহীহ্ বোঝ দীন আমিন,facebook_44001,bangla
38987,abusive,কথা কি ভাবে ইডিয়ট করতে হয় তাও জানো না। সারা জীবন সাঈদীর পিছনে লেগে থাক আর পিছনে থাকতে হবে,facebook_44001,bangla
53275,abusive,আরে বোন আ আর একটু দেকিয়ে দেও তুমি যে ওয়ার্ল্ড আর বড় লিজে্ন্দ,multilabel_12557,bangla
57769,none,Banglay tader din mojur bole..Bangladesh e sob elekay e manus evabe bari bananor jonno mistri niye jay..hassokor sironam,banth,romanized
80552,abusive,Tomake coddeo jane,banth,romanized
35236,abusive,"যদি বৌউ সাজোগো আর সুন্দর লাগবে গো,",facebook_44001,bangla
83285,none,shabash polish bhai ..haron der dhoren,banth,romanized
39649,sexual,নুনুবেলের বিচি দুইটা জাদুঘরে রেখে দেওয়া হোক।,facebook_44001,bangla
87357,none,sylhet maha fashion noyasorok ekta obijan koren .aigula o 2 no kortese,banth,romanized
51855,abusive,বেগুন যদি আগুন হয় তাইলে আগুর রে কি কইবো,multilabel_12557,bangla
3277,abusive,"জাফর ইকবাল শতভাগ ভুয়া,হাজার ভাগ মিথ্যাবাদী, লক্ষ ভাগ ভন্ড, কোটি ভাগ স্বৈরাচারের দালাল । যা উল্লেখ করলাম তার প্রতিটি গুণ তার এই লেখায় আছে।",bd_shs,bangla
5336,none,বেয়াদ্ধব তুই কি লিখলি আর কি বল্লি ৷,bd_shs,bangla
4305,abusive,মিতিলা একজন বেষ্যা,bd_shs,bangla
75945,none,Jajakallah khairan youngstars. You guys making are so proud.,banth,romanized
23385,sexual,তোর ভোদার ভিতর বাশ দিমু মাগি,facebook_44001,bangla
67507,abusive,Duita janoyar Todr jutar bari dileo hoy na Manus ato ktha ble Morte paro na,banth,romanized
55056,none,Outhit Shikkha paice [EMOJI],banth,romanized
43648,none,"মাসা আল্লাহ্,,",facebook_44001,bangla
51917,abusive,পেকাটি,multilabel_12557,bangla
83847,none,Akbare sotik kotha bolcen vaiya amio ak mot,banth,romanized
58590,none,ai police kothay,banth,romanized
62647,none,dese police sobceye.. force..Army der deser amn daitte dewa uchit,banth,romanized
65210,abusive,Dui mukho shap,banth,romanized
65866,abusive,Koi sathe silen dalali korsen,banth,romanized
94132,abusive,বিড়াল কে ও আর আইবুড়ো রাখলো না খারাপ এর সাথে থেকে তার ও সতিত্ব টা নস্ট করে দিলো,multilabel_12557,bangla
66976,none,[EMOJI] hashi pacha new [EMOJI] aa purano moth,banth,romanized
27168,abusive,বেয়াদবের বাচ্চা,facebook_44001,bangla
38540,none,"হালায় তো দেখতাছি জনি দারে হার মানাবে,,প্রতিবা আছে বলাই যায়",facebook_44001,bangla
78488,none,Onek dam Kore diyechen jinisher,banth,romanized
91154,abusive,ফালতু মেয়ে,bd_shs,bangla
43113,abusive,তোর হেডা,facebook_44001,bangla
56263,abusive,Eder ke dhore gonodholai deya uchit chelo,banth,romanized
1311,abusive,আমি মনে করি যারা এইগুলাতে অডিশন দিতে যায় তারাই আসল ভোদাই। এই টুকু কমোন সেন্স নাই তাদের যে তারা এইটা চিন্তা করে না যারা তাদের জর্জ তারাই তো জিবনে অডিশন দিয়া মিডিয়াতে আসে নাই তো তারা কিভাবে অডিশন নিবে অন্য মানুষের। বাংলাদেশের বর্তমান কিছু মিডিয়ার মানুষ হল বোকাচোদা।,bd_shs,bangla
4460,abusive,সালা একটা মাদার চোদ,bd_shs,bangla
12083,none,কোবা,facebook_44001,bangla
62536,abusive,khankir polar chehara ta china rakhlam InshaAllah ekdin dekha hobe,banth,romanized
89275,none,sob bichar hobe,banth,romanized
65740,abusive,Tui nunu kete dewya hobe,banth,romanized
85241,abusive,"Mukti Joddha holei Ki awamilig ?money hai na,sob dolei mukti Joddha poribar acey.",banth,romanized
19661,none,একটুও ভালো লাগেনি।আগে আপনার নাটক খুব ভালো লাগতো বাট এখন কেন জানি একটুও লাগেনা,facebook_44001,bangla
6458,sexual,তুমি কি নায়লা নাইম কে ফলো করতেছ ছুট আপু?,facebook_44001,bangla
84300,abusive,Where is hawoon uncle ?,banth,romanized
3958,abusive,জানোয়ার সালা নিজে বাবা সাথে এরকম ব্যবহার করে,bd_shs,bangla
49830,none,একদম সত্যি কথা বলছেন রুমিন ম্যাডাম,multilabel_12557,bangla
80812,none,Sumon tor date aisay [EMOJI],banth,romanized
86387,none,Satroleg k thanks [EMOJI],banth,romanized
9565,religious,তাইলে মর তুই তারপর বুঝবি,facebook_44001,bangla
42381,none,সেরা ছবি,facebook_44001,bangla
69636,abusive,Toi kottar bacca,banth,romanized
43727,none,সুপারম্যান,facebook_44001,bangla
38613,none,কমেন্ট পড়তে আসছি [EMOJI],facebook_44001,bangla
59801,abusive,Amar mone hocche etogula manush mere tar por o hasinar kono onushochona hoynai lojjito hoynai ..nunnotomo lojjanai ..ei naki bongo bondhur meye ..chi chi [EMOJI],banth,romanized
90883,abusive,Vhi ore keo mare nai??,banth,romanized
93952,none,আপু অ্যাপস এর নাম কি,multilabel_12557,bangla
78997,none,Natok kom koro piyo [EMOJI] ki emotional akta scene dilo vaire vai pm na hoile confirm Bollywood eh acting eh chance paito ..,banth,romanized
76222,abusive,Ey dig police awameleg. Oreh latthe deye beday koren,banth,romanized
89109,none,Mamla khaia asi r o koto gula dibe,banth,romanized
47847,none,ফাষ্ট কমেন্ট পিন্ট প্লিজ রিপ্লে ভিডিও চাই প্রিয়,multilabel_12557,bangla
72509,none,"Khuni hasinake taratari ashte bolen,bichar korte home beto",banth,romanized
64447,none,Kono dhorjoi na,banth,romanized
88388,none,Prio natok kom koro [EMOJI],banth,romanized
19818,sexual,"এটাইত বাংলাদেশের রাজনিতির প্রধান নিতি, সরকারের বিরূধে কোন কিছু বললেই অনেক কিছুই হয়ে যায়, অথচ যারা ধর্ম নিয়ে উলটা পালটা কথা বলে, সৃষ্টিকরতা কে অশিকার করে তাদের কে সরকার প্রোটোকল দেয়",facebook_44001,bangla
88375,none,Kotha ghuracce sudhu.. Question kore ki r o answer kore ki .. abal,banth,romanized
87052,none,"O to desher upokar korteso ,valo [EMOJI]",banth,romanized
21967,sexual,"সবকিছুর একজন মালিক থাকে,, এবং আমাদেরও সৃষ্টির একজন মালিক রয়েছে, এটা তো সহজ হিসাব, সবাই সবাই সৃষ্টিকরতার দেখানো পথে চলে আসুন",facebook_44001,bangla
3981,threat,তর বনকে চুদি সালার মাদার চুদে বাচ্চা আজারা বগবগাস কেন,bd_shs,bangla
190,sexual,Sadi to valoi hat calay valoi tipe tire dano 2 ta sei akar dise,banth,romanized
46987,none,মেয়াডার নাম কী,multilabel_12557,bangla
43227,abusive,এই পোস্ট দেখে মনেহচ্ছে নিজের বিচিতে হাল্কা একটা টোকা দিয়া অজ্ঞান হয়ে জাই,facebook_44001,bangla
52754,none,অসাধারণ বড়ি,multilabel_12557,bangla
73828,none,Ki ki priyo desh bashi om g,banth,romanized
46117,sexual,তোর পুটকি দিয়া যখন গরম গরম সিংগারা আর সমুচা দুকাইবো তখন সব বিশ্বাস করবি,facebook_44001,bangla
67219,none,[EMOJI] je lau she kodhu,banth,romanized
25393,abusive,কথাতো ভালো করে বলতে পারিস না এর থেকে রাস্থার কুকুর অনেক দেকথে ভাল,facebook_44001,bangla
65406,none,AE sala kono somoyy mukh deya bismillahir rahmanir Rahim bole na Karon ata jiaur Rahman sonbidhan a ance but ata j islam jai anunk sonbidhan a sae geyan tuku nai,banth,romanized
18703,none,"অাল্লাহ অাপনার দাদিকে জান্নাতবাসী করুন,তারসাথে অাপনাদের এ শোক সইবার ক্ষমতা দিন৷অামিন৷",facebook_44001,bangla
29059,threat,"সে তো বলছে,সে পরকাল বিশ্বাস করে না,এখন আবার আল্লাহর কাছে বিচার দিছে,পরকাল বিশ্বাস না করা মানে,আল্লাহ এবং আমার নবীকে বিশ্বাস না করা,এতে বুঝা যায় সে না নাস্তিকএরপর আবার পোষ্ট করছে যে আমি আল্লাহর কাছে ক্ষমা চাচ্ছে এ তো পরকাল বিশ্বাস করে না,তো আল্লাহর কাছে কেন ক্ষমা চায়,এখন বুঝতএ পারছে নিজের career সম্মান সব তো শেষ হচ্ছে তাই পোষ্টটা করা হয়েছে,সুতরাং বোঝা যায় যে,এ নাস্তিক ইসলামের চুরন্ত দুষমন তাই আমি একজন মুসলিম দেশের নাগরিক হিসাবে বলছি তার উপর করা ব্যবস্থা নেওয়া হোক এবং তাকে ফাঁসি দেওয়া হোক",facebook_44001,bangla
91223,none,কাফেরদের মুখের রং সুন্দর হলে ও মন সুন্দর না। যদি পরকালের বিশ্বাস নাই বা করে এই আকাঁশের নিচে তো কোন খুটি নেই সূর্যের কোনো অফ অন করার সুইচ নেই সাগরের কোনো আয়োতন নেই এই সব বিশাল সৃষ্টি জগৎতের সৃষ্টি গুলি কে পরিচালনা করে।,facebook_44001,bangla
46215,abusive,এই মুভির পরিচালক কোন শালা এই শালা একটা পাগল নাইলে আরেকটা পাগলরে নায়ক বানাইয়া মুভি মানাইত না।,facebook_44001,bangla
89420,none,Thanks rumen farhana,banth,romanized
44446,abusive,কী পরিমাণ সুইলা মহিলা আপনি?? ছী ছি..,facebook_44001,bangla
78174,none,Surute manle kicui hotona,banth,romanized
72980,none,Vote chur cilen,banth,romanized
86896,none,Desio silpo more jacche Pakistani dress market er jnno onotibilombe Pakistani dress bondho kora hok,banth,romanized
47991,sexual,তোর মাকে লাগাব,multilabel_12557,bangla
51638,none,আল্লাহ পাক উনাকে জান্নাত নসিব করুক আমিন,multilabel_12557,bangla
84414,none,"vai apnara je ekhon etoo osohay sajtasen accha bujhlam ei koy din caape poira nahoy amadeer sathe onnay korsen kintu eii 16 bochor je amader osohay koira rakhsilen uitaa kar caape nijer icchay ee toh ghushh khaiten ,kisu hoilei taka , ami nijee foreign ministry geyechilam amr certificate gulo te sill marte , tokhn ami ektu late kore jai tokhon gate ee thaka police ek uncle er kase onek request kori jaate amk vitore dhukte dey ami tader boli oo je ami onek durr theke asci uncle please amr pokkhe klk abar ashaa onek koster hoye jabe ..cailei tini parto amk vitore jete ditee but unii ta na kore amr theke 4 hajar taka dabii kore eita ki sorkaar er caape pore korsilo ?? ami dei na porer din giyee free te slip niye amr kaaj kori .. tokhn amii dekhi foreign ministry er sob police eii kaaje juktoo unaara takar binimoyee sob kagoj sill mere dey tara uniform cng kore hut hat dhukee bar bar eii kaaj koree ar amra stuent gula ghontaar por ghontaa boshee wait korii kokhn amader serial asbee .. as a student apnader dekhlee amr ghinaa lagee , sala sob gulaa ghushh khorr manush er moddhe sob caitee nikristoo toraa chii ..toder ektakeo jani abr cakritee back korano na hoy sob notun kore police jeno select kora hoy amader student der theke jader moddhe asoleii sikkhagoto joggota ase tader jeno cakri dewa hoy notun sorkar jei hok tar kase daabii..",banth,romanized
13947,abusive,কমেন্টের চু*নে সেতো প্রেগন্যান্ট হয়ে যাবে। অাস্তে ধিরে কমেন্ট করেন ভাইলোগ।,facebook_44001,bangla
74023,none,Deshe ai aitai chai..,banth,romanized
79926,none,Pilkanar motho military ke akdin badam dawa hobay,banth,romanized
84469,religious,Sob gulo jongi,banth,romanized
2060,abusive,কুকুরের বউয়েরা অনেক সুন্দরী হয় তুর লজ্জা থাকা উচিত শালা বদমাইশ,bd_shs,bangla
54680,none,Era ki TikTok korce e gula kore ??,banth,romanized
40151,none,আগে আল্লাহ্ নবী চিনিয়ে সব বানানোও সাজানোও হতোও,facebook_44001,bangla
37508,sexual,"এই ব্যক্তিটাকে আশা করি সবাই চিনেন?সে পরকাল কে বিশ্বাস করে না""কারণ সে যেটা চোখে দেখে না সেটা বিশ্বাস করে না!আমার প্রশ্ন,সে যে জন্ম নিছে তার বাবা থেকে সেটা তো সে দেখে নাই তাহলে তার বাবা থেকে জন্ম নিছে সেটা বিশ্বাস করে না!তাহলে তার জন্মদাতা কে?নিশ্চয় সে জারজ,যেহেতু তার বাবার জন্ম সে বিশ্বাস করে না!এমন জারজ মেয়ের কাজ থেকে এর চেয়ে ভালো কিছু আশা করা যায় না!দেশ ও বংশগত মুসলিম হলেই সে প্রকৃত মুসলিম নয়,যারা মনে প্রাণে ধর্মকে লালন করে তারাই হলো প্রকৃত মুসলিম!তোর মত নষ্ট মেয়ে মুসলিম হিসেবে কখনও পরিচয় দিবি না!",facebook_44001,bangla
40391,abusive,"ও প্রিয়া ও প্রিয়া তুমি কোথায়,, আসিফ ভাই এর গানটি মনে পড়ছে।",facebook_44001,bangla
83870,none,Lol.. Vuter mukhe ram nam.,banth,romanized
20606,religious,নাস্তিক জাহান্নামী,facebook_44001,bangla
20437,religious,"বিবিসি আর প্রিয়ারা একই মুদ্রার এপিঠ ওপিঠ! দখলদার ইহুদীবাদী, উপনিবেসবাদী খ্রিষ্টান, হিন্দু গোরক্ষক, উগ্র বর্মিজ বৌদ্ধ সন্ত্রাসীদের নিয়ে বিবিসি যেমন পক্ষপাতদুষ্ট, প্রিয়ারাও তাদের বিষয়ে নিস্চুপ থাকে। হাজার প্রমানিত অপকর্ম করেও তারা ভিকটিম সাজে। তবে শীঘ্রই তাদের যুগ শেষ হতে চলছে,,।",facebook_44001,bangla
36499,abusive,পাগলের ঘরের পাগল,facebook_44001,bangla
36921,sexual,জারজ সন্তান পতিতালয়. Xxx করে,facebook_44001,bangla
8330,none,ইনশা'আল্লাহ।,facebook_44001,bangla
34485,abusive,কমেন্ট পড়তে আসচি বাড়ারা,facebook_44001,bangla
93304,sexual,দুদ করা,multilabel_12557,bangla
41744,abusive,পর্দা সীলহলে আরো বালো লাগত Nice pic,facebook_44001,bangla
53567,threat,তরে আমার অনেক ভালো লাগতোতোর এই কথা শুইনা তরে জুতা দিয়া বাইরাইতে মন চাইতাছে ইয়াবা খাস নাকি তুই বাওর,multilabel_12557,bangla
50776,abusive,আমার মত ফ্যানের পাখা কয়টা গুনতে ছিলেন কে কে,multilabel_12557,bangla
74494,abusive,"Tumar dadar desh palaicho kano, sahos thake to deshe aso, dekhi kamon biker patha.",banth,romanized
67661,sexual,abr bole amr jamai kotota nillojjo hote pare baidani gula,banth,romanized
78578,none,tor jonnoito holo.. Kno guli nh kore ora amni bujiye bolte partona. Kno abr bgb police diye martechis,banth,romanized
13204,sexual,আপু প্যান্ট পরতে কি ভুলে গেছেন? আর বুক তো খোলা। কি দরকার ছিল হাত ঢাকা যদি প্যান্ট না থাকে বুক খোলা থাকে।,facebook_44001,bangla
34622,abusive,আমি শোকে বালিশ ভিজিয়েছি NH Anik দাদা,facebook_44001,bangla
18417,none,বাতাসে চুল গুলো যদি সরে যায় কি ভয়ানক দৃশ্য দেখতে হবে রাসেল ভাই :-D,facebook_44001,bangla
24627,religious,"ফেসবুক প্রোফাইল হ্যাক করার দায়ে আল্লাহ এর কাছে বিচার দিলেন? আপনি তো পরকালেই বিশ্বাসী নন। ইমানের সাতটি বিষয়ের একটিতেও কেউ অবিশ্বাসী হলে সে কাফির হিসেবে পরিগণিত। আর হ্যাঁ, আমরা সকলেই জানি মহান আল্লাহ তায়ালা ক্ষমাশীল। কিন্তু তাই বলে একজন কাফিরকে আল্লাহ তায়ালা যে নিশ্চয়ই ক্ষমা করে দিবেন এ ব্যাপারে এতো নিশ্চিত হলেন কিভাবে? আপনিতো মহান আল্লাহ তায়ালাকে ভয় করেন না, ভয় করছেন মূলত ফেমাসিটি হারাবার। আর আপনি এভাবে কেন বলছেন যে, ""আমি যদি কোনো ভুল করে থাকি?"" আপনি কি এখনো এটা নিয়ে সন্দিহান যে আপনি কোনো ভুল করেছেন কিনা? আপনার বলা উচিত ছিল, ""আমি ভুল করেছি এবং খুব জঘন্য ভুল ছিল সেটি। ""Robin..",facebook_44001,bangla
56374,none,Salute Suman bhai,banth,romanized
64534,none,Sorkar poro tak,banth,romanized
61409,none,hingshai more jaytese,banth,romanized
33399,none,অভিনেতা - অভিনেত্রীদের মধ্যে পরকালের বিশ্বাস থাকে নারে ভাই।থাকলে তারা প্রতিনিয়ত এমন পাপ কাজের মধ্যে ডুবে থাকতো না।সো যার পাপ সে বুঝবে।সে জবাব দিবে আল্লাহর কাছে।আমরা এভাবে গালি দিলে আমাদের ও গুনাহ হবে এটা বুজা উচিত।সুন্দর ভাষায় ও কিছু বুঝানো যায়।গালিগালাজ করে নয়,facebook_44001,bangla
82362,abusive,betpeer number one..,banth,romanized
22548,sexual,ছামা কবির চুদি,facebook_44001,bangla
29609,sexual,সাফা কবির মাগি তুরে যদি পাইতাম কি করত্তাম যে দেখতি,facebook_44001,bangla
34063,sexual,"সাফা ক্রাশ ছিলি তুই,এখন তুরে বাঁশ ও দিতে ইচ্ছে করতেছেনা,বাঁশে যে মাইন্ড করবেতুর হোগায় ঢোকার কারণে।",facebook_44001,bangla
62537,none,Ei policegulare o eivabe guli kore mara hok,banth,romanized
483,none,Bagladesh er worst internet service dey teletalk,banth,romanized
75351,none,"Alhamdulillah, ekta shantir onuvuti..",banth,romanized
50059,none,হতাশ আমি খুব হতাশ হতাশ আমি খুব হতাশ,multilabel_12557,bangla
63702,none,Sob thik ase kintu amar prosno desh Zara lutece atodin. jemon MP ra benzir er moto hajar hajar amla ase Zara lokkho koti takar sompod pachar kore desh aj tolanite thekece tar ki hobe??,banth,romanized
42607,none,দেখা হয়ে গেছে,facebook_44001,bangla
84122,abusive,Guskhor trafik rasta theke soraw,banth,romanized
92382,threat,এদের গনপিটুনি দেওয়া উচিত,facebook_44001,bangla
75951,none,[EMOJI] bravo students,banth,romanized
83387,none,voye akon abultabul bole,banth,romanized
57002,abusive,Tar baba maa takey shikhay nai kar shathe kibhabe kotha bolte hobe. Ekdin tar ei beyadobir jonno ekdin tar uchit shikhkha hobe,banth,romanized
92205,religious,"নব্য নাস্তিক__ [HASHTAG] জারজ_কবীর সে বলেছে যে, আমি যা দেখি না তা বিশ্বাস করি না, ভালো কথা, তাহলে তার কথায় প্রমাণ হয় যে, সে তার বাবা মায়ের অবৈধ সন্তান জারজ সন্তান।কারণ সে কার বির্য দিয়ে তার মায়ের গর্ভে এসেছিলো এটা তো সে দেখেনি। তাই তার উচিৎ এটাও বিশ্বাস না করা করা যে সে তার বাবা মায়ের বৈধ সন্তান",facebook_44001,bangla
74187,none,Desh e asen alochona kori.. [EMOJI],banth,romanized
53689,none,এর বিচার হওয়া উচিতকিন্তু দুঃখজনক হলেও সত্যি হবে না,multilabel_12557,bangla
24923,religious,নাস্তিকের বাচ্ছা নাস্তিক তুই বিশ্বাস করলেওও কি! না ক র লেও কি??,facebook_44001,bangla
34575,none,আহা.. [EMOJI] ️,facebook_44001,bangla
56763,religious,Tui j soitan jonogon ta bujhe,banth,romanized
21075,religious,"ওর পুরো পরিবার নাস্তিক,তবে প্রধানমন্ত্রীর কাছে পরিবার",facebook_44001,bangla
19739,none,আলহামদুলিল্লাহ খুবই ভালো উদ্যোগ নিশ্চয়ই আল্লাহ আমাদের সাথে আছে,facebook_44001,bangla
84784,none,Amra aponader soke sokahoto sadharon zonogon ekhon buzhte partesi mul ghotona notun sorkar gothoner age aponara satro netader Sathe miting Kore foisala koren eta notun banglades garar zonne khub dorkar,banth,romanized
5520,none,রানুদির মুখ থেকে তো কখনই মেয়ের বদনাম শুনিনি তাহলে আপনারা কেনো ওনার মেয়েকে নিয়ে বাজে কথা বলছেন,bd_shs,bangla
67942,none,[EMOJI] pagol a ki na koy sagol a ki na khay,banth,romanized
44012,none,নাটক টা দেখার অপেক্ষায় রইলাম,facebook_44001,bangla
28789,religious,"বুঝ এখন ১০ টাকা জিনিস হয়ে বাংলার মানুষের ইমানে আঘাত করলে কি হয়, তর দিন শেষ, এ দেশের মানুষ তরে কুত্তার মূল্যও দিব না, পাসা কবির তুই যে নাস্তিক সবাই বুঝে গেছে, তর পরিবারটা অনেক সুন্দর, এবার দেশ থেকে যা,",facebook_44001,bangla
76199,none,"Shob jaiga theke eishob baje lokder boycott kora hok, students ra egiye jao",banth,romanized
20199,sexual,"ভাই কেও খারাপ কমেন্ট করিবেন না।ও তো ""সিনিয়র বেশ্যা"" আর বেশ্যার দ্বারা সব কিছুই বলা সহজ।ওরা, ফেমাস হবার জন্য শত শত বার বিছানা গরম করতে প্রস্তুত",facebook_44001,bangla
71600,none,Sobi ai vav a live a asa Desh ta sundor korta hoba ins hallah,banth,romanized
82060,none,Aktu comment gulo poriyen tahola bujben apnar asstan kotai ?kub valo vabtam apnake apnito omanus,banth,romanized
29693,abusive,সাফা আন্টি..চোরের মায়ের বড় গলা.. কথাটার সত্যতা তোমার কার্যকলাপ দেখলেই বোঝা যায়..এবারের অস্কার তুমিই পাইবা।সাথে নোবেল পুরস্কাটাও তুমারেই দেওয়া উচিত।কত সুন্দর নাটক করো তুমি.ধর্ম নিয়েও শেষ বেলায় এসে নাটক করলা।,facebook_44001,bangla
94082,none,বিরাল টা আপনার মত ই কিউট,multilabel_12557,bangla
88280,none,Koto natok korte pare re bhai.. Nije der opokormo jeno bairer manush dekte na pare tai Facebook off korbe..apnara ki mone koren manush ato e boka..buje na kisu..,banth,romanized
38122,none,আপনি আপনার ভুল বুঝতে পারার জন্য ধন্যবাদ কিন্তু পুরা জাতির কাছে আপনাকে ক্ষামা ছাওয়াটা দরকার ছিল,facebook_44001,bangla
72079,none,BNP Awami same same,banth,romanized
81605,none,"Mr sumon vaia apnar vlo vabsilam,, aeibar apnar asol rupta deklam,, apnar somoy o beshi r nei jati apnake dekhaiya dibe,, joy satro somaj",banth,romanized
12357,abusive,অতিরিক্ত গাঁজা সেবনে যা হয় কলম সন্ত্রাসী থেকে তাই হয়েছে।,facebook_44001,bangla
53301,abusive,জাতির ক্রাশ দেখি একটু সাইট দেন আমি খেলবো,multilabel_12557,bangla
36919,religious,"তোরা কি বুঝে কি করছির জানিস না রে ভাই, তোরা সাঈদীকে অপমান করছির, অপমান করছির আল্লাহ কে, কোরআন কে তোদের সবাই মাপ করলে ও একজন করবে তিনি আল্লাহ, তোরা আখিরাতের চিন্তা কর, এ কুত্তার বাচ্চা তুই তো মানুষের বাচ্চা না শেয়াল কুকুর জন্ম দিছে তোকে না হলে এরকম পোস্ট করতে পারতি না, নাস্তিকের বাচ্চা নাস্তিক",facebook_44001,bangla
15957,religious,"তুই না পরকালের বিশ্বাস করিস না,, তোর বাবা যে তোর মাকে বিয়ে করছে ওটা কী দেখছেলি? নিশ্চয় না, সুতরাং বোঝা যাচ্ছে যে তুই তোর বাবার মেয়ে ওটাও বিশ্বাস করিস না।ফলাফল: তুই একটা তোর বাবার যারজ সন্তান, নাস্তিক মেয়ে, হারামজাদা,",facebook_44001,bangla
40626,sexual,মাগি কে,facebook_44001,bangla
92894,threat,পরিচালকে জুতা পিটা করা দরকার সালা বলদ,facebook_44001,bangla
18537,none,মাহফুজুর রহমানের পর নোবেলই বিশ্বের একমাত্র সেরা শিল্পী..আমি নোবেল কেই ভালোবাসি।,facebook_44001,bangla
28476,religious,তুর মত গুন্ডা কে আল্লাহ্ ক্ষমা করবেনা..তুই আজকে থেকে নাস্তিক নাম্বার ওয়ান..,facebook_44001,bangla
64184,none,PLEASE DOYA KORE EMOM KAJ GULO KORVENNA..,banth,romanized
7697,religious,সাফা কবিরের একটি প্রশ্নের উত্তরে তার পেজে যে হারে সুযোগের অভাবে থাকা সৎ ফেসবুক সিরাজউদ্দৌলার মতো হুজুদের কমেন্ট তাতে মনে হৈতেছে তারা এসব গালাগাল কমেন্ট করেই বেহেস্ত নিশ্চিত করবে! নাস্তিকদের বুঝানোর আগেএসব বোকাচোদাদের কে বুঝানো উচিত নাস্তিক্যবাদ নিজের ব্যাপার কিন্তু অন্যের ধর্মবিশ্বাসের উপরে বিদ্বেষপূর্ণ আচরণ অন্য জিনিস।সাফা কবির যাস্ট নিজের মতামত প্রকাশ করেছে বলেই যদি তার গালাগাল খেতে হয় তাহলে সাফা সাথে তাদের মতো বোকাচোদা মোমিনের পার্থক্য কোথায়!,facebook_44001,bangla
49922,abusive,তর জায়গা অইতনা,multilabel_12557,bangla
49462,none,আমি আপনার দলকে মনে প্রানে ভালোবাসি আপনি আমার ফলোটা ব্যাক দেননি আশাকরি ফলোটা ব্যাক দিবেন এবং আমাকে সাপোর্ট করবেন,multilabel_12557,bangla
47501,abusive,ও বলে বি করবে বি ও সুহিই গেছে মরে কেও৷ ধর,multilabel_12557,bangla
74670,none,Tui k re pgl [EMOJI] bhoot er mukhe ram nam [EMOJI],banth,romanized
33189,none,ধন্যবাদ আপনাকে।মহত্বের পরিচয় দিলেন।আর্টিস্টরা এমনই হয়..,facebook_44001,bangla
29887,religious,সিফাতউল্লাহ এবং সাফাকবির দুজনেই নাস্তিক। দুজন ভাল একটা জুটি হবে। আর দেরি না করে সাফা তুমি সিফাতের কাছে চলে যাও,facebook_44001,bangla
51663,none,ইয়ারা মেহেরবান ইয়ারা মেহেরবান,multilabel_12557,bangla
41579,threat,"যুগে যুগে অনেক মানুষ আসবে যাবে,,আচ্ছা কেউ যদি একটা খারাপ ভিডিও ভাইরাল করে আলোচনায় আসে তাহলে কি সে সুপার স্টার হয়ে যাবে? আলমের মতো এইসব পুটিমাছ জায়েদ ভাইয়ের পিছনে হাজার হাজার পাড়ে আছে,,কই জুতা আর কই তাজ,,এখন সময় আছে আপনারা মাথার তাজকে মাথায় রাখার চেষ্টা করেন,,তুমি আলম ডিস ব্যবসায়ী আর জায়েদ ভাই ঢাকা বিশ্ববিদ্যালয় থেকে অনার্স মাস্টার্স করেছে,,তার সম্মানিত আলাদা,,আর কই অশিক্ষিত আলম। আমাদের দেশে ঢাকা বিশ্ববিদ্যালয়ের ভর্তি হওয়ার জন্য লাখ লাখ ছেলে মেয়ে আশায় থাকে হাতে গোনা কয়েকজন চান্স পায়,,ঢাকা বিশব্বিদ্যালয়ে পড়তে হলে অনেক মেধাবী হতে হয়,,সবার এরা বোঝা উচিৎ,, আর বাংলাদেশ শিল্পী সমিতির পর পর দুইবার সাধারণ সম্পাদক জায়েদ ভাই এটা কারো পক্ষে সম্ভব না,,তাই জায়েদ ভাইকে সবার সেলুট দেওয়া উচিৎ,, তুই বেটা আলম জায়েদ ভাইয়ের সাথে টক্কর নেস,,তুই তো ঠিক মতো কথাই বলতে পারোছ না,,তুই আবার হিরো হাস্যকর,,আমার মনে হয় হিরো তোরে ভাই রহিঙগা বললেও রহিঙগাদের অপমান করা হবে,,তোর এখনও সময় আছে জায়েদ ভাইয়ের কাছে মাপ চা,",facebook_44001,bangla
31734,religious,নাস্তিকের জন্মের নাস্তিক।,facebook_44001,bangla
4046,sexual,তোমার কত টাকা লাগবে আমি দিবো একরাত,bd_shs,bangla
25530,religious,"নিজের ভুল যখন নিজে বুঝছেন কিছু করার নেই।তবে বাংলাদেশ ইসলামের দেশ, এদেশে কোন নাস্তিকের জায়গা নেই।।",facebook_44001,bangla
3116,none,আসলে ওবায়েদুল কাদের খুবই একজন ভালো মানুষ না হলে তিনি এতদিনে হাজার কোটি টাকার মালিক হতে পারতেন।,bd_shs,bangla
31129,sexual,অভদ্র হয়েছে জনি সাফারি প্রেমে..তাই..কাছে আসোনা আরো কাছে আসোনা,facebook_44001,bangla
76255,none,andolon cilo andolon hobe jokone dekbo jekane onnay otthchar hosse,banth,romanized
83142,none,tumra khub bhalo chilo yar proved dite hobe,banth,romanized
28815,religious,"সে তোমার যে প্রব্লেমই থাকুন হিন্দু আর নাস্তিকদের নিয়ে। সেটা অন্য ব্যাপার এখানে সে ব্যপারে কথা বলি নি। সাফা নাস্তিক না আস্তিক সে কথা চুলোয় যাক। ও ভেবে বলেছে, আর না ভেবে বলেছে সেটা ও বুঝবে। ও ২৪ঘন্টা ধর্ম কর্ম করুক বা নাস্তিকদের মত থাকুক। সেটা মূল কথা না। কথা হল এদেশের শান্তি প্রিয় লোক জন কারও ব্যক্তিগত মতামত বা বিশ্বাসের সম্মান তো দূরের কথা। তাকে একে বারে হেনস্তার শেষ সীমায় নিয়ে ছাড়ে। লজ্জা তো একদমই এদের নেই। এটা একদমই মিথ্যে কথা নয়। তার প্রমান তো বারবারই দিচ্ছে।",facebook_44001,bangla
6999,none,ধন্যবাদ ক্ষমা প্রার্থনা করে বক্তব্য দেওয়ার জন্য। আল্লাহ্ ক্ষমাশীল তিনি আপনাকে নিশ্চয়ই ক্ষমা করবেন। ভবিষ্যতে ইসলাম সম্পর্কে না জেনে কোন কথা বলা থেকে বিরত থাকুন।,facebook_44001,bangla
23813,none,তার লেখার ভাবভঙ্গীও ভালো না।সে নাকি কোন ভুল করিনি।যাহোক আল্লাহ তাকে হেদায়েত করুন।,facebook_44001,bangla
52546,none,তোমাকে আমি ভালোবাসি তোমাকে আমি বিবাহ করতে চাইতোমার কি সারাজীবন সুখী রাখবো টিকটক চ্যানেলের সাথেইতি ভালোবাসার লাল গোলাপ থেকে তোমরা পরিচিত পেয়েছিলে সেই,multilabel_12557,bangla
37341,none,আপু আপনার গানটা অসাধারণ আমি আপনার খুবই প্রিয় একজন বক্তা,facebook_44001,bangla
43809,abusive,একটু গাজা দে,facebook_44001,bangla
10587,religious,নাস্তিকরা এমনটাই বলবে।,facebook_44001,bangla
81714,none,Ki bolbo vasa khuje pacchi na,banth,romanized
83119,none,Tora Dore Antey hope. Aa-gee,banth,romanized
57191,sexual,Nari jatir kolonko ai mea ai ki hindhu naki musul man buja kosto kor tar dress up dekhe tini mone hoi nijeke naika porimonir cuto bun vaben,banth,romanized
49888,abusive,বদমাইস বেডি,multilabel_12557,bangla
23053,abusive,মিথিলার পোস্ট দেখা মানে আমার আবার Covid-18 চেক করা!!,facebook_44001,bangla
63143,none,police upor asta ace manuser. manonio prodanmontri bolen.kno je bolen tah janina.police adeshr grinnito prosason.tar karon tader criteria,banth,romanized
89469,none,"Pagol naki, ore dhor, dhoira remand e de, sob thik hoya jaibo",banth,romanized
13461,sexual,তোদের মত মাগিরা একালই পছন্দ করে৷,facebook_44001,bangla
51212,abusive,পারলে যতন কইরা বুক পিন্জ্ঞারায় গান নাচ দেন,multilabel_12557,bangla
2260,none,এই ঘটনা মিন্নি ঘটিয়েছে,bd_shs,bangla
3101,none,অপেক্ষার পর পাইলাম ভাইয়া আপ্নার ভিডিও অস্থির হইছে ভাই ��,bd_shs,bangla
75092,none,Aigula kora akdom Thik hoi Nai,banth,romanized
17889,religious,তর সৃটকরতে নেই আরে কুততার ও সৃটিকরতা আছে তুইত কুততার টেয়ে খারাপ,facebook_44001,bangla
49723,none,বিএনপি আসবেই ইনশাআল্লাহ,multilabel_12557,bangla
59322,none,akjon police ki ak jon k ai vabe ai kothay bolte hobe,banth,romanized
48902,sexual,আরো একটু ওপরে হাত দিয়ে দিলে ভালোই হবে,multilabel_12557,bangla
14860,sexual,"যেহেতু তুই কিছু না দেখলে বিশ্বাস করিস না, আমিও তো তুকে কাপড় ছাড়া দেখি নাই,কিভাবে বিশ্বাস করব এখন তুই ছেলে না মেয়ে।",facebook_44001,bangla
75663,none,Ahare jibon. Agy shobai dipo moni shathe selfie neowar jonno request korto onek unoshtane r akhon??,banth,romanized
33214,none,প্রমান হলো প্রধানমন্ত্রীর নির্দেশেই গ্রেফতার..আবার প্রধানমন্ত্রীর নির্দেশেই মুক্তি !তারপরও বলি আলহামদুলিল্লাহ্,facebook_44001,bangla
79335,abusive,Chappur podottek chai,banth,romanized
17687,none,আলহামদুলিল্লাহ অসাধারণ,facebook_44001,bangla
89266,none,Egula student er jonnoi hoice..,banth,romanized
21231,religious,নাস্তিকের বিরুদ্ধে সবাই আওয়াজ তুলুন,facebook_44001,bangla
83988,none,khub bahloo khotha bolchen,banth,romanized
9614,abusive,একজন প্রতিবন্ধীর কথায় কান দিতে নেই,facebook_44001,bangla
78371,none,Je mayer buk khali korcoc oder ki vabe pirai diben,banth,romanized
92826,threat,ও কে উচিত শিক্ষা দেওয়া দরকার মৃত্যুদণ্ড,facebook_44001,bangla
63454,none,Jody oboido dokabaj killer hasina khomotay aste na pare tahole police kukurer moto lathi khabe awmiliger hathe mirjafor mujib theke jati rokkha peyesilo oboido killer hasina theke jati k rokkha korte hole jamat abbasi foyjul korim mamunul hujurer moto lokder ak hoite Hobe,banth,romanized
76462,abusive,Bnp jamat chi na new chi [EMOJI],banth,romanized
82159,abusive,Tumi shotontro parthi hoye jonogon tomak vote dise dalali korar jonne na. Tomak boycott korlam. Tumi khuni shorkar er sathe haat milaiso..,banth,romanized
89543,abusive,Ore hospital er gate nia kan doira dara koria juta dea petan.r cakre teke borkasto kore or sob tk jobddo koro,banth,romanized
71543,none,"Eivavei,dui ekta morle prblm nai,etto beshi corruption j dui ekta re dead na korle bhoy dhukbe na, sobai sadharon dokandar,bebsai der sathe daraben.",banth,romanized
70400,none,Boycott india hasina,banth,romanized
19627,none,আফা খোলা মেলা থেকে আপনাকে বোরকাতেই সুন্দর লাগে,facebook_44001,bangla
29275,sexual,শালার মাগি,facebook_44001,bangla
16632,abusive,যাও এখন হেগে আসো।,facebook_44001,bangla
60271,none,"Apnader onek geyan tai 16 bochor dore nirjaton korar sujog diyechen, r akhon abar arek ottachari dol k ante chacchen",banth,romanized
56963,abusive,Ey meya jaa akta bosti take asce tar proman ey meyar babohar ci [EMOJI],banth,romanized
27358,abusive,"যারা যারা কমেন্ট পড়তে আইছেন তাদের জন্য বাংলাদেশ কমেন্ট রিডার্সএসোসিয়েশনের পক্ষ থেকে এক বালতি চেয়ার আনছি ।বসেন বসেন ,বইসা যান।",facebook_44001,bangla
38566,none,কমেন্ট পড়তে আসলাম..আর কে কে কমেন্ট পড়ার জন্য এখানে?,facebook_44001,bangla
14452,threat,কমেন্ট ডিলেট কইরা লাভ নাই।।কয়টা কমেন্ট ডিলেট করবা..বুজো নাই পাবলিক কি জিনিস..,facebook_44001,bangla
88361,none,Allah tumi to shob e dekho bichar chai egular,banth,romanized
81960,abusive,Tui Sona Miya ja,banth,romanized
20361,none,বাই আমি আপনারে খুব মিস করি।,facebook_44001,bangla
2950,none,মাছিহ দাজ্জাইল হোলো দেওয়া বাগী,bd_shs,bangla
35299,abusive,তকে জুতার বাড়ি দিতে হবে,facebook_44001,bangla
31206,religious,"তখন কি ভাবে বলছিলি তোর ভক্ত ছিলাম সব নাটক দেখতাম তুই যে এ ধরনের কথা বলবি তা ভাবি নাই নাস্তিক একটা তুই,, তোকে দেশ ছাড়া করা উচিত,,আর সবাইকে বলছি ওর নাটক আজ থেকে দেখো না।।",facebook_44001,bangla
39456,abusive,এর চেয়ে ভাল ব্রা ছাড়া শুধু পেন্টি পরে ফটো আপলোড দিলে ওয়েস্ট্রান গার্ল লিখে কমেন্ট করে ঘুমিয়ে যাব,facebook_44001,bangla
21384,none,জয়হোক মানবতার -দোয়া ও শুভকামনা রইল বভালোবাসা অবিরাম,facebook_44001,bangla
76901,abusive,"Noor EKTA jogonno butper ,take Remande gorom dim therapi dewar Jonno abedon janacci,",banth,romanized
91853,abusive,শয়তানের খারা ঝিলকি,facebook_44001,bangla
27788,none,হিরো আলম ভাই।আপনার অনেক অনেক মানুষের মনে জায়গা করে আসেন,facebook_44001,bangla
80710,none,Manus take valo vabchilam [EMOJI],banth,romanized
53385,abusive,সেই মাল ফিগার টা সেই,multilabel_12557,bangla
33438,none,"ঠিক,কতা",facebook_44001,bangla
28120,abusive,একটা ছাগী ও অাছে !,facebook_44001,bangla
63412,none,"Onek taka sorease dolgulo, Bedese taka pease",banth,romanized
75331,none,Police eder k eto nirapotta kno dicche bujlamna!!hujur der k to kokhno eivabe nei nai.,banth,romanized
29826,religious,সাফা কবির নাস্তিক কে বাংলাদেশ থেকে বের করে দেওয়া হোক,facebook_44001,bangla
94085,abusive,অপূর্ব সুন্দর লাগছে টিকটকের মহারানী,multilabel_12557,bangla
79384,none,Vipnurke dewya hok naki sob dalal desha,banth,romanized
80585,abusive,Tuw je Mayer pa chata golam ta proman Howe gelo,banth,romanized
68782,abusive,Tor ma ashuk kosom oi din e jaiya oree airport ei kopay raikha ashum,banth,romanized
20414,abusive,ছবির সাথে ছবি মিলাইতে পারোআমার সাথে তোমাকে মিলাইতে পারোনা,facebook_44001,bangla
13218,sexual,পরিমাগী,facebook_44001,bangla
75798,religious,Aie Kulanggar Nasttik Mohilatikey Shovai TooToo Nikkep Koroon,banth,romanized
45122,none,"ভাই ওইদিন রিয়াদ ভাই আর তামিম ভাই বলল যে, ""মুশফিকের অবস্থা তো খারাপ, বেচারা ব্যাটিং প্রেকটিস না করতে পারলে তো পাগল হয়ে যায়""। তো ভাই কোয়ারেন্টাইনে কি ব্যাটিং প্রেকটিস চলতেছে??",facebook_44001,bangla
81396,abusive,Ci ci ci sumon vai ato kharap apni,banth,romanized
48085,none,তোমার এ বিডিও টা আমার অনেক ভালো লাগছে আর কত বার দেখচি আমি নিজেও জানি না,multilabel_12557,bangla
47244,abusive,উরিয়ে নিয়ে যাইবো তো,multilabel_12557,bangla
47718,abusive,এই চোখ বন্ধ কেউ নজর দিবি না,multilabel_12557,bangla
29832,religious,শেষ জামানার নাস্তিক।,facebook_44001,bangla
76408,none,Kon rajnoitik dol niye bosche?!,banth,romanized
23849,none,পরকালে বিশ্বাস করেন না আবার আল্লাহ্ কাছে ক্ষমা চাইলেন কিভাবে? আমি যদি কোনো ভুল করে থাকি এটা আবার কেমন কথা?? আল্লাহ্ কাছে স্ট্যাটাস দিয়ে ক্ষমা চাইবেন আর ক্ষমা করে দিবেন। হাহাহাহাহাহা! কি মেয়ে এটা। মানুষের কাছে ক্ষমাপ্রার্থী হয়ে লাভ নাই। যদি অনুতপ্ত হন তাহলে আল্লাহ্ কাছেই কান্নাকাটি করুন নামাজে। [EMOJI],facebook_44001,bangla
72425,none,Or meye nai ?,banth,romanized
88079,none,natok kom koro prio !!,banth,romanized
64239,none,dorbetto mane? somman deye bolon noyle apnader o ak e hal hobe opore othe lafan na,banth,romanized
75650,none,Becar ki hoba?,banth,romanized
53291,none,আপনি কি আমারে ফলো ব্যাক দিবেন আমি আপনাকে লাইক বেশি শেয়ার করছি বুঝছেন আপনি আমারে ফোন দিয়েন,multilabel_12557,bangla
82507,abusive,Tui akta mukhush dari shoyton,banth,romanized
16370,sexual,ওর মতো একটা বেশ্যাকে নিয়ে কথা বলতে লজ্জা বোধ করতেছি,facebook_44001,bangla
35083,none,অবাক রিয়াদ me!!,facebook_44001,bangla
67778,none,Manus Ato kharap kivabe hote pare..Allah Tumi ader hedaed koro [EMOJI],banth,romanized
12961,religious,এই বাংলার মাটিতে নাস্তিক মূরগী কবিরের বংশধরকে যেন কবর না দেওয়া হয়।,facebook_44001,bangla
67808,abusive,Dur ei meye naki Sundori muker face ekdom gul rutir moto ager bow ta masha Allah,banth,romanized
77851,none,"Hasinar dosor o agent ra roye geche,..buje nen ai lok kar, eke dhorte hobe..khune police der ekjon.",banth,romanized
90812,abusive,[EMOJI] O akhono baicha aci keno..?,banth,romanized
18858,threat,এ-ই রকম মেয়ে রা জাতির জন্য কাল সাপ!! ওকে সবাই দরে আগে জুতা পিটা করা হোক তার পর আইনের আওতায় আনা হোক,facebook_44001,bangla
26058,none,"বাতাস নাহ দেখলেও বাতাস শরীরে লাগলে গরম বা ঠান্ডা লাগে তাই বিশ্বাস করি, মা-বাবার ডিনএ টেস্টকরলেই প্রমাণ পাওয়া যাবে বা নিজের চেহারার মিল বা মা-বাবাকে সামনাসামনি দেখেই আমরা বিশ্বাস করি,সো সাফা কবির যদি কোনকিছু নাহ দেখে বা কোনকিছুর অনুভূতি নাহ পেয়ে বিশ্বাস নাহ করতে চায় এটা একান্তই তার ব্যাপার। এখানে বাকি ছাগলরা বাটহার্টেড হচ্ছে কেন তাই বুঝিনা so,we r with safa kabir. [HASHTAG] stand_with_safa_kabir",facebook_44001,bangla
48266,none,বিগ ফেন ভাই,multilabel_12557,bangla
54075,abusive,ভাই ফাসি চাই ফাসি চাইএকটা ফাসির রায় কি কাজ্যকর হয়েছে বলে মনে হয়,multilabel_12557,bangla
31091,religious,সাফা নাস্তিকপাগল ছাগল এগুলো কোথায় থেকে জন্ম নেয় বেশশা মাগি,facebook_44001,bangla
5017,none,ঘোড়ার ডিম এর খবর বলেন একটা দেখান অন্য একটা,bd_shs,bangla
28132,none,নিজের জনপ্রিয়তা ধরে রাখার জন্য পোস্ট করছেন নাকি মন থেকে পোস্ট করছেন সেটা আল্লাহ্ ভালো জানেন।মন থেকে পোস্ট করলে আলহামদুলিল্লাহ্ আর জনপ্রিয়তা ধরে রাখার জন্য পোস্ট করলেও আল্লাহ্ সেটার বিচার করবে।যাই হোক কমেন্ট পড়তে আসছিলামসব কমেন্ট পড়তে আসছিলাম ভাবলাম সবাই যেহেতু কমেন্ট করছে আমিও একটা কইরা যাই।আল্লাহ্! আপনাকে সঠিক পথ বেছে নেয়ার তৌফিক দান করুক।আমিন!,facebook_44001,bangla
11777,sexual,"ভালোবাসার উদাহরন দেখতে চান? সেই মধ্যবিত্ত পরিবারটির দিকে তাকান, যেখানে রোজ খুশি থাকার নাটক চলে। -আসল ভালোবাসা সেটাই,যখন বাবার পকেটের শেষ কুড়ি টাকা মেয়েটার হাতে দিয়ে বলে, 'কষ্ট করে কলেজে হেটে যাবি না'। -সেটাই প্রকৃত ভালোবাসা,যখন মা প্লেটের শেষ মাংসের টুকরোটা ছেলের পাতে দিয়ে বলে, 'মাংস খেতে একদম ভালো লাগে না' -সেটাই প্রকৃত ভালোবাসা, যখন ভাই তার ছোট বোনটিকে বলে চিন্তা করিস না,'বেতন পেলেই তোর জন্য জামা কিনে দেব'! -ভালোবাসা তখনই পরিপূর্ণ, যখন এটা নেই,সেটা নেই বলে সারাদির ঝগড়া শেষে স্বামি স্ত্রী পাশাপাশি শুয়ে যখন স্ত্রী বলে, 'আসলে আমার কিছু লাগবে না' আমি ভালোবাসার ভিন্ন মানে খুজি। তোমাদের কাছে ভালোবাসা মানে শুধু প্রেমিক প্রেমিকার উত্তপ্ত চুম্বন। তোমরা ভালোবাসা দেখ কিশোরির উরন্ত চুলে,সদ্য ফোটা গোলাপের মত দুটি গোলাপি গালে। আর আমি ভালোবাসা খুজি একজন মজুরের ০৮ টাকায় কেনা নুনের প্যাকেটে। যে বোন তার ০৬ মাসের শিশুটিকে কোলে নিয়ে সারাদিন ইট ভাঙ্গে,ভালোবাসা সেখানেই খুজে পাই। সারাদিন কষ্ট করে যখন কোন রিক্সাচালক একটা মাঝারি সাইজের রুই কিনে বাড়িতে গিয়ে বলে,'খুব সস্তা পেলাম,তাই কিনলাম। স্ত্রী হে",facebook_44001,bangla
7556,abusive,এখানে প্রচুর ছাগল দেখি..,facebook_44001,bangla
27915,abusive,তুই জিবনে নামায কালাম পড়ছিলি??তুই আছস তুর প্রহেলা বয়শাক আর হিন্দু পুজাই,facebook_44001,bangla
29194,abusive,যদি শব্দটা শয়তান বলেআর তুই হলি তাঁর বোন,facebook_44001,bangla
19728,religious,নাস্তিকের বাচ্চার গাল বরা দাঁত। তোর জন্মের সময় মনে হয় আজান দেয় নাই। ইমান তো না-ই তোর তোর মা বাপ হিন্দু মনে হয়। না হলে তোর চৌদ্দ পুরুষের কেউ হিন্দু ছিলো। নামাজ কোনোদিন পরছচ কিনা আল্লাহ জানে। তোদের মতো কানকিরা ঈদের নামাজ পরছ কিনা আল্লাহ ভালো জানে।,facebook_44001,bangla
36658,none,হিরো আলমের পরিচিত শুধু বাংলাদেশ নয় ভারতেও আছে ইন্ডিয়া সবচেয়ে বড় ইউটিউবার Carry Minati হিরো আলমকে নিয়ে দুইটা ভিডিও বানাইছে!!,facebook_44001,bangla
11848,abusive,সালি কুত্তার বাচ্চা,facebook_44001,bangla
30714,none,প্যান্টটা রিপু কইরা নিয়েন ১০০ টাকা নিবে,facebook_44001,bangla
5892,none,জয় বাংলা..!!,facebook_44001,bangla
18668,religious,নাস্তিক এর আবার অভিযোগ হা হা হা,facebook_44001,bangla
36178,sexual,ফেসবুক আইডি হ্যাক করে সব পোস্ট ডিলিট করা এইটা মোটেও উচিৎ হইনি..সাফা কবির এর সব সৃতি সেই হ্যাকার নষ্ট করে দিয়েছে..আজ গালি দেওয়ার মুড নাই।নাইলে১।শুয়োরের বাচ্চা২। কুত্তার বাচ্ছা৩। হারামির বাচ্চা৪। হারামি৫। হারামজাদা৬। হারামখোর৭। খাঙ্কিরপোলা৮। খান্কি মাগির পোলা৯। চোদনা১০। চুদির ভাই১১। চুতমারানি১২। চুদির পোলা১৩। তর মায়রে চুদি১৪। তর মায়রে বাপ১৫। শালা১৬। শালার পো শালা১৭। হুমুন্দির পুত১৮। মাঙ্গির পুত৯। নাটকির পো২০। ল্যাউড়ার পুত২১.হাউয়ার পো২২.হাউয়ার নাতি২৩.চুদানির পো২৪.ভুদার বেটা২৫.লটির পো২৬.লটির বেটা২৭.ভেড়াচ্চোদা৩১. মাউড়া চোদা৩২. গুয়ার ভিতরে / হোগার ভিতরে ভইড়া দিমু.. ৩৩. ঠ্যাঁঙ কাইট্টা পুটকি দা ভইরা দুম! ৩৪. হালা ল্যাওড়া চোদা৩৫. বানচোত৩৬. কুত্তাচোদা৩৭. তর পুটকিত ধান ছড়াইয়া চড়ুই দিয়া খাওয়ামু ৩৮. বালি দিয়া চুদমু তরে খাঙ্কি মাগী! ৩৯.বালের রয়েল বেঙ্গল উকুন ৪০. তোর হউরিরে ডিগবাজী৪১. ছি ছি ছি৪৫. আল বদর৪৬. তোর জাঙ্গীয়া খুইল্যা আগুন লাগায় দিমু ৪৮. বাল ফালায়া খালে নামানো৪৯. বাল ফালায়া আটিঁ বান্ধা ৫০. বালে বালে গিট্টু51. গোলাম আযম52. মইত্যা নিজামী53. গেলমান54. তিনকোনা৫5. তৃনভোজ৫6. চতুরচোর৫7. মহা,facebook_44001,bangla
2638,abusive,তাহেরী মদ খাইছে না না পাগল কুকুর কামড় দিয়েছে,bd_shs,bangla
20096,abusive,বুঝলাম না সে অনেক দোষ করছে মান্তেছি বাট আপনাদের কি সমস্যা? আপনারা নিজেরা কোন জাতির মানুষ? গালি দিচ্ছেন সেটা কোথায় বলা আছে যে গালি দিলে সওয়াব?নিজেরাই তো কুত্তার থেকেও অধম। যতসব,facebook_44001,bangla
59585,none,Kicu bolar vasa nai allah tumi ader k rokkha koro,banth,romanized
85547,abusive,Aey Munafiq ki bole Students deer slogan er meaning oi bhuje na aey Murkho tae,banth,romanized
48335,abusive,গেঞ্জি তা না খোলা হয় না,multilabel_12557,bangla
1101,none,তুই কনো কথা বলবিনা পাপোন,bd_shs,bangla
78984,none,"Tai bole, gorer kajer lok 400 koti takar malik [EMOJI]",banth,romanized
36721,religious,আপনি বলছেন পরকাল কে বিশ্বাস করেন.. কারন তা চোখে দেখেন না!তাই তো? কিন্তু আপনি কি আপনার বাবা মা যে বিয়ে করে শারীরিক সম্পর্ক করে আপনাকে জন্ম দিছে তা আপনি দেখছেন?তা তো দেখেন নাই কিন্তু তাদের কে কেনো বাবা মা বলে ডাকেন? আপনাদের কে অনেক এ নিজের থেকে বেশি ভালোবাসে কিন্তু আপনি নাস্তিক এর মত কথা কেনো বলবেন?সব কিছু বাদ দিয়ে আল্লাহ কে বিশ্বাস করুন।,facebook_44001,bangla
45075,abusive,হিরো আলম এই দুইটা সিনেমা করছেন এগুলা কি সিনেমা নাকি যাত্রা গান কিছুতো বুঝলাম না আপনার মতন আবাল মার্কা যারা আছে বাংলাদেশ হয়তোবা তারা দেখলেও দেখছে কোন এক দিকে ঠিক আছে কিনা একটু ওই বই গুলা তুমি একবার দেখিও ভালো করে কোন অ্যাকশন নায়ক কোন কথার কোন লাগান নাই,facebook_44001,bangla
79507,none,Very well said Nurul haque Noor.,banth,romanized
63780,none,onek jalayce onkk..,banth,romanized
94322,threat,সাফা কবিরের দুই গালে জুতা মারো তালে তালে,multilabel_12557,bangla
58693,abusive,Police ra zanuyar,banth,romanized
46198,none,তুমি সুন্দরী হে প্রিয়ামুক্ত হাসি,facebook_44001,bangla
53979,none,ভুল মুখ দিয়ে বের হয় মানুষ মাত্রই ভুলতবে তিনি এমন এক ভুল করেছেন মুসলিমদের কলিজায় আঘাত দিয়েছেনএটা কেমন ভুল মুসলিম হয়েও পরকাল অবিশ্বাস করাপরকাল আছে এটা আল্লাহ বলেছেন এবং ২লক্ষ ৪৫ হাজার নবী রাসুল গণ বলেছেনএই পরকালের ভয়ের কথা জানাতে গিয়ে প্রিয় রাসূল রক্ত দিয়েছেনমাইর খেতে খেতে সারা জীবন পার করেছেননিজের জন্ম ভূমি ছেড়েচেন এক মাত্র পরকালের কথা জানাতে গিয়েসারা কুরআনে উল্লেখ আছে পরকাল কে ভয় করআপনে কি কুরআন পরেননিআপনে পরকাল বিশ্বাস করেননা তার মানে আল্লাহ এবং রাসূলকে বিশ্বাস করেননাআপনাকে আমরা বয়কট করলামভালো হয়ে যান ক্ষমতা থাকলে আপনাকে জবাই করতাম,multilabel_12557,bangla
74544,abusive,Aapnar moto gondomurkho [EMOJI],banth,romanized
7359,none,সাকিব তোমার আয়ের ২% খেটে খাওয়া দিন মজুরদের বিলিয়ে দাও !এটা আমার আদেশ অনুরোধ নয়,facebook_44001,bangla
69340,none,Sala cur bodmas,banth,romanized
747,abusive,কাংখির ফোলার রাস্তায় জন্ম হয়সে,bd_shs,bangla
66041,abusive,"ACCA TOMKE KHOMA KORA HOLO ,, BETA AKHON ACO TUMI KOY ? TOMER MOHAN SONGSOD VORE DAWA HOBE .. NUMBER ONE BROKER BETA TUY",banth,romanized
37708,abusive,"তামাশা,, —— আর এই জন্যই সবার হাগা অনেক কশা",facebook_44001,bangla
2782,none,? দাওনবাগী পইদা হন নাই ওনাকে টপকানো হইসে,bd_shs,bangla
10283,sexual,তুইতো একটা খানকি!,facebook_44001,bangla
85463,none,100 Loker gov job er quota r jonny kiser andolon??,banth,romanized
92231,sexual,আপনি নাকি যেটা দেখেননা সেটা বিশ্বাস করেননা.. পরকালেও নাকি বিশ্বাস করেননা..তোর বাপের বিচি দেখছিলি কখনো.. দোখেস নাইতাইলে তোর বাপের বিচিও নাইEdit :..সাফা তুই কি বাতাস দেখতে পারোস তুই তোর বাপের পাদ গ্রহন করে বেচে আছোস নিশ্চয়..__তোর কাপড়ের নিচে তো কোনোদিন দেখিনাইতুই মেয়ে হুহআসলে আমি যা দেখিনা তা একদমই বিশ্বাস করিনা..আমার মনে হয় তোরও নুনু আছে,facebook_44001,bangla
3158,none,খালেদা জিয়ার সাথে ওবায়দুল কাদেরের তুলনা এটা আমাদের জন্যো একটা হাইশকর হাইসকর,bd_shs,bangla
81718,abusive,"Pagla,poder luve pore pither camra haraisna,, [EMOJI]",banth,romanized
30099,sexual,সবাই দেখি নস্টা মেয়ে সাফা কবিরকে নিয়ে কমেন্ট করতেছেন।ভাল হলেও মুরগী চোরের মেয়ে আর কত ভাল হবে?ফিল্ম জগতটাই বেইশ্যাদের দখলে।সে কত ভাল হবে,facebook_44001,bangla
39210,abusive,কোথা কার আলম তোর এতো ফালানো ঠিক না বলদ চুপ থাক,facebook_44001,bangla
18832,abusive,আমরা কি করবো তুমি ঢাকায় গেলে??ফালতু,facebook_44001,bangla
58930,abusive,Ai khankir plate cina raikho sobai [EMOJI],banth,romanized
15621,religious,একজন পদ্মার নর্তকী এবং বেশ্যার মাঝে পার্থক্য হলো এটাই যে বেশ্যা ব** করে গোপনে নায়িকা করে ওপেনিং যে কোন দিন নামায পড়েনি রোজা রাখে না সারাদিন করে অবৈধ কাজ সে কি করে বুঝবে পরকাল সম্পর্কে তার ঈমান-আমল সব নষ্ট হয়ে গেছে তার মা বাবাকে কখনো ইসলামিক শিক্ষা দেয় নি যদিও জন্ম ইসলাম ধর্মের উপর মুসলিম পরিবারে আসলে কোন কোরআন তেলাওয়াত নেই সারাদিন শুটিং সিনেমা নিয়ে ব্যস্ততা নিয়ে ব্যস্ত আল্লাহ তো তার অন্তরে মোহর মেরে দিয়েছেন বর্তমান একজন মানুষের আয়ু 70 থেকে 80 বছরের উপরে যায় না আর মৃত্যুর পর মানুষ কি খবর থাকতে হবে হাজার হাজার বছর অপেক্ষা করতে হবে পরকালে জন্য নিজের হিসাব নিকাশের জন্য দাঁড়িয়ে থাকতে হবে হাজার হাজার বছর একজন নাস্তিকের মুখে শুনেছিলাম যে আজান শুনলে থাকে অভিরূপ করে দেয় তুই অনেক বড় নাস্তিক জাহান্নাম অনিবার্য তোর জন্য,facebook_44001,bangla
89244,none,Israel Zindabad [EMOJI],banth,romanized
8971,threat,"অভিজিত বাবুও তোর মত বিদেশে থাকত।অথচ ভাগে্যর কি নির্মম পরিহাস,আল্লাহর ইচ্ছায় মৃত্যু তাকে বাংলাদেশে টেনে নিয়ে ত্রসেছে।আল্লাহ চাইলে সব কিছুই সম্ভব।",facebook_44001,bangla
32931,abusive,সালা এগুলো ফোন আলাপ হাজার হাজার করা যাই।,facebook_44001,bangla
72867,none,Asis abar dese.bachte parbina.jonogon paraiya marbo dekhis,banth,romanized
16749,sexual,আমারে কেউ কাহিনীর লিংকটা দেন,facebook_44001,bangla
15712,none,কি সুন্দর না দ্যাখ! পুরো গডেস লাগতেসে,facebook_44001,bangla
66518,none,Asol kotha na bole eto bok bok koros kn?,banth,romanized
33213,religious,"তুই যে বিশ্ব নাস্তিক,ইতিমধ্যে সবাই তা যেনে গেছে",facebook_44001,bangla
24373,none,ভাই আপনি বাংলাদেশের প্রান সেটা সবাই জানে শুধুমাত্র পাপন জানে নাহ।,facebook_44001,bangla
21048,religious,বাংলাদেশে নাস্তিকের কনো টায় নাই,facebook_44001,bangla
3589,abusive,এই ছেলে হলো কুওা,bd_shs,bangla
70828,none,onnai vabe mara ata kono pulice ar kajna januyarer kaj,banth,romanized
46282,sexual,মাল অরজিনাল এইডা,facebook_44001,bangla
65108,abusive,Halar pu tel baj [EMOJI],banth,romanized
47546,none,অনেক সুন্দর লাগছে আপু তোমায়,multilabel_12557,bangla
61878,none,Mukijoddha r cetona bad da Sonar bangla goray mon da,banth,romanized
31464,none,আমরা কি বাংলাদেশে নাই,facebook_44001,bangla
84171,none,etodin por jokhn payer nich theke mati shore gese tkhn tader bikhob er ktha mne porse ..ar kto safe khelben vaira ..apndr gulite je apndr shontanera gelo tkhn mone pore nai bikhob er ktha,banth,romanized
31570,none,ফ্যাক্স ফ্যাক্স,facebook_44001,bangla
57264,none,Thanks asif vi,banth,romanized
86655,none,"Sattra-league santras league ,tara sarker hukoma arms niya student kill korsaa.amra awame-league invalid gov.chai na.su- sation,ganatantra chorcha,nai- vichar oitha gassa.",banth,romanized
81631,none,Sumon er ma baba ke dhikkar janai emon batpar k dunia te anar jonno.,banth,romanized
81349,abusive,Kutta ta gheu gheu star korche,banth,romanized
21435,sexual,চুতমারানী তুরে যদি আমার সামনে কোনদিন পাই তাইলে উলঙ্গ করে রাস্তায় ছেরে দিমু ।তুই হলি পতিতা মাগি ঘরে মাগিতুই চিন্তা করিস না তুই তুর পাপের ফল এই পৃথিবীতে ওই পাবি।,facebook_44001,bangla
8807,abusive,বলদের মতে ছবি Post,facebook_44001,bangla
7164,abusive,কেউ বকাবকি করভেন না পুদ ম্রে সাউয়ার রগ ছিরালান খেলার আগে হেলমেট পরে নিন ধন্যুবাল,facebook_44001,bangla
81030,abusive,Sumon tumi mp hobar age tumake onek like kortam kintu akon bujlam tumi koto boro batpar k k ak mot bolen deki,banth,romanized
27528,religious,সাফা কবির একজন নাস্তিক..তার ঈমান নেই কে এই নাস্তিক কে জন্ম দিছে,facebook_44001,bangla
5778,none,করে সাবসকারইব করছি সুধু হাসার জন্য..মানদের নাতি।,facebook_44001,bangla
54620,none,Aita ki kuno serious show naki comedy show kau aktu shure korben please,banth,romanized
51986,abusive,নাক বোঁচা,multilabel_12557,bangla
94272,none,অসাধারণ একটি পোস্ট করেছেন ভাই কপি লিংক ডান,multilabel_12557,bangla
10,none,Phf from poron koreu to english 1 st exam a paini kivabe pabo,banth,romanized
53933,threat,সাফা তুমি খমা পাবেনা,multilabel_12557,bangla
27180,religious,"বাঙালী ও নাস্তিক/কাফের হোক,তারে যেসব ভাষায় গালাগালি করতেছে এই গালাগাল শিক্ষা দিলো তদের কোন ধর্ম ভাই।তোরা সাজেশন দে,হেদায়েত দোয়া কর।যা ভুল করছে তার জন্য মাফ চাইতে বল,তওবা করতে বল।বকা দেয়াই কবিরা গুনাহ,তার উপর কি টাইপের বকা রে ভাই।ও যদি নাস্তিক হয় ওর তো আখিরাত শেষ।সবাই বোকা দিয়া কোন জান্নাত কামাই করতেছো,আমার বুঝে আসেনা।",facebook_44001,bangla
24640,none,ধন্যবাদ তোমাকে,facebook_44001,bangla
93673,sexual,মেয়ে তাকে ব্রা পরা অবস্থায় ও ভালো লাগবে,multilabel_12557,bangla
51809,abusive,ময়দা সুন্দরী বেয়ান,multilabel_12557,bangla
54426,religious,তাহলে তুই কাফের অবিশ্বাসী,multilabel_12557,bangla
88665,none,71 TV toder khobor ace sar nai,banth,romanized
63690,none,Awami league 16 bosor kosto diyese Bangladesher manosder . Thobe ar maramari noi SONDOR AKTI RASTRO banabo .,banth,romanized
75759,none,Kothay gelo khomota.. Khomoter opobebohar karider ai obosta e houa uchit,banth,romanized
15548,sexual,"যারা সাফা কবির কে গালি দিচ্ছেন তাদের কে উদ্দেশ্য করে বলছি চুতম্রানি, পাউলা মাগিকে গালি দেওয়া বন্ধ করবেন না প্লিগ",facebook_44001,bangla
71113,none,Muslim ki sudhu naam matro amra?,banth,romanized
21323,sexual,সালিরে কেউ একটু পাট খেতে নিয়া যাও,facebook_44001,bangla
87648,none,Ky koti koresy ar jono sorka dae,banth,romanized
35184,none,আপনি উত্তম আকাশ বদিউল আলম খকন এদের পরিচালনয় বেসি কাজ করবেন*আপনাকে পচা নোর জন্য এরা জতেস্টো**,facebook_44001,bangla
15867,sexual,কুত্তা দিয়া লগানো দরকার তকে মাগি,facebook_44001,bangla
93395,abusive,অনেক খারাপ তুই একটা,multilabel_12557,bangla
45418,none,সবাই যখন ইন্সপিরাশনাল মিউজিক শুনে অাপনি তখন কোরঅান তেলাওয়াতLove you Mushi,facebook_44001,bangla
72997,none,tui koi accos,banth,romanized
24825,none,ইনশাআল্লাহ এগিয়ে যাক লাল-সবুজের পতাকা [EMOJI],facebook_44001,bangla
70273,abusive,100 bar jonmo nibe. Ai somostho Pagol chatrolig [EMOJI],banth,romanized
57741,none,"Bangladesh o akdin apganisthaner moto, Pakistan er moto shirilankar moto ucraine r moto habey",banth,romanized
73184,none,Awamilig ke nisiddo kora hok,banth,romanized
87704,none,"manush mere moha vul korchis, khomota char amra jongonei sob korbo",banth,romanized
48264,abusive,এতো ভাব নিয়েন না কষ্ট হচ্ছে,multilabel_12557,bangla
24624,sexual,আহারে টাকা+কাপড়ের কতো অভাবআপনার বিকাশ নাম্বার টা দেন ত!এবার থেকে যাকাতের টাকা আপনাকে দেব।,facebook_44001,bangla
17406,none,কবে ?,facebook_44001,bangla
90206,none,Anserder boikot koraa hokk,banth,romanized
